timestep,learner_elo,opponent,opponent_elo,wins,draws,losses
10000,1200,MiniMax4,1200,0,0,100
10000,1200,MiniMax2,1200,0,0,100
10000,1200,Tactical,1200,0,0,100
10000,1200,Random,1200,61,0,39
20000,680.7476133084818,Random,1171.625230033161,67,0,33
20000,680.7476133084818,Tactical,1382.5423855527856,9,0,91
20000,680.7476133084818,MiniMax2,1382.5423855527856,0,0,100
20000,680.7476133084818,MiniMax4,1382.5423855527856,0,0,100
30000,972.5192277261013,Random,907.2549823851618,68,0,32
30000,972.5192277261013,Tactical,1329.4156454671684,14,0,86
30000,972.5192277261013,MiniMax2,1395.405072210784,0,0,100
30000,972.5192277261013,MiniMax4,1395.405072210784,0,0,100
40000,908.8856351775321,Random,884.3508687123206,71,0,29
40000,908.8856351775321,Tactical,1317.7541502558865,14,0,86
40000,908.8856351775321,MiniMax2,1444.5046729271303,0,0,100
40000,908.8856351775321,MiniMax4,1444.5046729271303,0,0,100
50000,947.8698005952309,Random,814.6391094405169,72,0,28
50000,947.8698005952309,Tactical,1289.1676694528537,17,0,83
50000,947.8698005952309,MiniMax2,1474.161710255699,1,0,99
50000,947.8698005952309,MiniMax4,1474.161710255699,0,0,100
60000,949.4380909658794,PPO_50000,949.4380909658794,68,0,32
60000,949.4380909658794,Random,791.658806447063,73,0,27
60000,949.4380909658794,Tactical,1254.7011223165396,18,0,82
60000,949.4380909658794,MiniMax2,1499.0514756643163,0,1,99
70000,974.8409004307251,PPO_50000,890.7263153021954,83,0,17
70000,974.8409004307251,Random,803.9308870159813,82,0,18
70000,974.8409004307251,Tactical,1251.9369427867837,20,0,80
70000,974.8409004307251,MiniMax4,1505.1505046062016,0,0,100
80000,1067.052666898166,PPO_50000,815.2942606647338,92,0,8
80000,1067.052666898166,Random,764.8410751607232,83,0,17
80000,1067.052666898166,Tactical,1243.8377092130213,20,0,80
80000,1067.052666898166,MiniMax2,1522.852540823992,2,0,98
90000,1063.8557088886766,Random,774.2960015892481,80,0,20
90000,1063.8557088886766,PPO_50000,765.3212576018985,90,0,10
90000,1063.8557088886766,Tactical,1259.37898817802,28,0,72
90000,1063.8557088886766,MiniMax4,1535.5598382052428,0,2,98
100000,1055.0884554599425,Random,788.6047038464628,81,0,19
100000,1055.0884554599425,PPO_50000,741.2209654400446,91,0,9
100000,1055.0884554599425,Tactical,1245.6752994227945,32,0,68
100000,1055.0884554599425,MiniMax2,1551.026296502793,0,0,100
110000,1103.332443815199,PPO_100000,1103.332443815199,68,0,32
110000,1103.332443815199,Random,785.7802327739475,85,0,15
110000,1103.332443815199,Tactical,1203.4622169034365,36,0,64
110000,1103.332443815199,MiniMax4,1567.822370293842,0,10,90
120000,1158.1514093724043,PPO_100000,1034.71443601376,84,0,16
120000,1158.1514093724043,Random,798.6095865318409,86,0,14
120000,1158.1514093724043,Tactical,1195.3261852577762,35,0,65
120000,1158.1514093724043,MiniMax4,1576.9280904258426,0,12,88
130000,1152.6030790805073,PPO_100000,978.2304153318623,90,0,10
130000,1152.6030790805073,Random,817.9935118304857,88,0,12
130000,1152.6030790805073,Tactical,1225.452582762318,49,0,51
130000,1152.6030790805073,MiniMax2,1586.6834478685778,30,0,70
140000,1371.3130175531428,Tactical,1199.8022480645216,52,0,48
140000,1371.3130175531428,PPO_100000,909.1537093364298,92,0,8
140000,1371.3130175531428,MiniMax2,1477.4939015682173,37,0,63
140000,1371.3130175531428,MiniMax4,1589.4501185964507,0,30,70
150000,1280.8375952840934,Tactical,1262.329575244013,59,0,41
150000,1280.8375952840934,PPO_100000,913.6324504753939,90,0,10
150000,1280.8375952840934,MiniMax2,1469.696794222955,43,0,57
150000,1280.8375952840934,MiniMax4,1620.7165798923068,1,33,66
160000,1384.4581296297656,PPO_150000,1384.4581296297656,57,0,43
160000,1384.4581296297656,Tactical,1256.8984338572682,57,0,43
160000,1384.4581296297656,MiniMax2,1410.632517730359,47,0,53
160000,1384.4581296297656,MiniMax4,1591.7004420087676,1,38,61
170000,1363.5250044726909,PPO_150000,1356.4218958326271,75,0,25
170000,1363.5250044726909,Tactical,1288.0985888600292,57,0,43
170000,1363.5250044726909,MiniMax2,1414.2690050925478,43,0,57
170000,1363.5250044726909,MiniMax4,1605.833158598031,2,18,80
180000,1362.1668361151499,Tactical,1298.082530721613,53,0,47
180000,1362.1668361151499,PPO_150000,1288.6495535300194,93,0,7
180000,1362.1668361151499,MiniMax2,1422.4568715052237,45,0,55
180000,1362.1668361151499,MiniMax4,1656.79186098392,0,28,72
190000,1452.566905764573,MiniMax2,1413.9909768914004,40,0,60
190000,1452.566905764573,Tactical,1318.7668648356814,61,0,39
190000,1452.566905764573,MiniMax4,1668.0220891234414,5,27,68
190000,1452.566905764573,PPO_150000,1174.8008162408298,94,0,6
200000,1401.6941502289471,Tactical,1354.2250776455944,66,0,34
200000,1401.6941502289471,PPO_150000,1126.07099759944,97,0,3
200000,1401.6941502289471,MiniMax2,1468.1735539392878,45,0,55
200000,1401.6941502289471,MiniMax4,1677.9838734426567,17,5,78
210000,1516.5466815592017,PPO_200000,1516.5466815592017,51,0,49
210000,1516.5466815592017,MiniMax2,1457.6468174601487,48,0,52
210000,1516.5466815592017,MiniMax4,1660.3947532515958,43,3,54
210000,1516.5466815592017,Tactical,1337.3861413151494,59,0,41
220000,1481.553853708921,Tactical,1384.7568359414447,57,0,43
220000,1481.553853708921,PPO_150000,1056.1732592698304,94,0,6
220000,1481.553853708921,MiniMax2,1493.4831421765896,49,0,51
220000,1481.553853708921,PPO_200000,1513.3255839069961,50,0,50
230000,1487.1122537642298,Tactical,1404.5677752665345,59,0,41
230000,1487.1122537642298,PPO_150000,1046.86794817763,91,0,9
230000,1487.1122537642298,MiniMax2,1493.1523634391067,50,0,50
230000,1487.1122537642298,PPO_200000,1497.5923343562808,52,0,48
240000,1472.1875928150523,Tactical,1420.8393975496645,66,0,34
240000,1472.1875928150523,PPO_150000,1059.2919872899797,93,0,7
240000,1472.1875928150523,PPO_200000,1484.7210357891595,49,0,51
240000,1472.1875928150523,MiniMax2,1492.2526615599259,49,0,51
250000,1522.4222069716945,MiniMax2,1489.7073372022505,50,0,50
250000,1522.4222069716945,PPO_200000,1474.9537678152824,52,0,48
250000,1522.4222069716945,MiniMax4,1615.401659411346,41,0,59
250000,1522.4222069716945,Tactical,1391.187166166162,65,0,35
260000,1486.2352263995056,PPO_250000,1486.2352263995056,50,0,50
260000,1486.2352263995056,PPO_200000,1485.5730877588278,50,0,50
260000,1486.2352263995056,MiniMax2,1506.2948455401136,50,0,50
260000,1486.2352263995056,MiniMax4,1607.1413818610033,41,0,59
270000,1518.996355973837,MiniMax2,1499.0682484927631,49,0,51
270000,1518.996355973837,PPO_200000,1485.0479080427028,59,0,41
270000,1518.996355973837,MiniMax4,1583.9583002203271,46,0,54
270000,1518.996355973837,PPO_250000,1484.4089552293258,55,0,45
280000,1538.7881620327996,MiniMax2,1510.7235851881405,50,0,50
280000,1538.7881620327996,PPO_250000,1484.9920702911472,50,0,50
280000,1538.7881620327996,MiniMax4,1571.894162661627,45,0,55
280000,1538.7881620327996,PPO_200000,1465.0817877852414,59,0,41
290000,1492.6817333065057,PPO_200000,1474.4311569987383,55,0,45
290000,1492.6817333065057,Tactical,1408.427596007285,70,0,30
290000,1492.6817333065057,PPO_250000,1507.436114970632,50,0,50
290000,1492.6817333065057,MiniMax2,1525.2134946198928,47,0,53
300000,1542.1982120227528,MiniMax2,1520.2395446972719,49,0,51
300000,1542.1982120227528,PPO_250000,1498.951452207624,50,0,50
300000,1542.1982120227528,MiniMax4,1571.717268063187,47,0,53
300000,1542.1982120227528,PPO_200000,1464.220766323954,62,0,38
310000,1523.2484176684477,PPO_300000,1523.2484176684477,50,0,50
310000,1523.2484176684477,PPO_250000,1516.6388061079833,50,0,50
310000,1523.2484176684477,MiniMax2,1535.2005217637059,47,0,53
310000,1523.2484176684477,MiniMax4,1568.8823032003957,46,0,54
320000,1523.0118824857973,PPO_300000,1521.422146498268,49,0,51
320000,1523.0118824857973,PPO_250000,1513.8634385080534,55,0,45
320000,1523.0118824857973,MiniMax2,1539.8594941658357,51,0,49
320000,1523.0118824857973,MiniMax4,1569.061504751026,48,1,51
330000,1550.234232660123,MiniMax2,1530.2851706755791,46,0,54
330000,1550.234232660123,PPO_300000,1527.9494745398124,50,0,50
330000,1550.234232660123,MiniMax4,1553.0437279261962,45,0,55
330000,1550.234232660123,PPO_250000,1505.7058606072694,52,0,48
340000,1487.1507949103045,PPO_200000,1453.3571945742572,56,0,44
340000,1487.1507949103045,Tactical,1382.5801206514511,53,0,47
340000,1487.1507949103045,PPO_250000,1518.0231985423968,57,0,43
340000,1487.1507949103045,PPO_300000,1536.1801684900972,51,0,49
350000,1513.754189396825,PPO_300000,1504.4207536816741,52,0,48
350000,1513.754189396825,PPO_250000,1479.3360934501297,53,0,47
350000,1513.754189396825,MiniMax2,1555.0340480296236,49,0,51
350000,1513.754189396825,MiniMax4,1570.830256436558,48,0,52
360000,1540.0749471285394,PPO_350000,1540.0749471285394,67,0,33
360000,1540.0749471285394,PPO_300000,1499.3142130736444,55,0,45
360000,1540.0749471285394,MiniMax2,1542.4569606449606,48,0,52
360000,1540.0749471285394,MiniMax4,1557.0579735775268,49,0,51
370000,1596.3453179379514,MiniMax4,1554.761747763637,46,0,54
370000,1596.3453179379514,MiniMax2,1547.7539008667209,41,0,59
370000,1596.3453179379514,PPO_300000,1501.0409876801234,63,0,37
370000,1596.3453179379514,PPO_250000,1484.4712465701393,85,0,15
380000,1584.4588944579027,PPO_300000,1507.4681359183335,62,0,38
380000,1584.4588944579027,PPO_350000,1479.077087304778,78,0,22
380000,1584.4588944579027,MiniMax4,1585.0088178980207,48,0,52
380000,1584.4588944579027,MiniMax2,1598.8840454184008,47,0,53
390000,1619.0622954621124,MiniMax2,1605.4340808754907,48,0,52
390000,1619.0622954621124,MiniMax4,1591.3634258584236,48,0,52
390000,1619.0622954621124,PPO_300000,1503.852302243466,64,0,36
390000,1619.0622954621124,PPO_200000,1451.6524996060364,97,0,3
400000,1666.8175986435488,MiniMax2,1618.5825224559153,49,0,51
400000,1666.8175986435488,MiniMax4,1616.1815556829824,46,0,54
400000,1666.8175986435488,PPO_300000,1522.7917839376476,71,0,29
400000,1666.8175986435488,PPO_350000,1435.1848765579427,69,0,31
410000,1580.5107186052087,PPO_400000,1580.5107186052087,92,0,8
410000,1580.5107186052087,PPO_300000,1512.7330710561978,85,0,15
410000,1580.5107186052087,MiniMax2,1643.6316733171543,48,0,52
410000,1580.5107186052087,MiniMax4,1648.8562076679952,16,0,84
420000,1762.9171149376004,MiniMax4,1731.617740132908,45,1,54
420000,1762.9171149376004,MiniMax2,1623.3633991066763,49,0,51
420000,1762.9171149376004,PPO_350000,1473.8266666314807,94,0,6
420000,1762.9171149376004,PPO_400000,1433.815384548952,93,0,7
430000,1748.9877685009358,MiniMax2,1690.0105581477233,48,0,52
430000,1748.9877685009358,Tactical,1428.1279410338416,68,0,32
430000,1748.9877685009358,MiniMax4,1759.0543743428018,46,0,54
430000,1748.9877685009358,PPO_350000,1426.189713009694,99,0,1
440000,1686.2757909268416,Tactical,1519.0124786325007,66,0,34
440000,1686.2757909268416,PPO_300000,1414.528750525628,98,0,2
440000,1686.2757909268416,MiniMax2,1722.0061932573578,44,0,56
440000,1686.2757909268416,MiniMax4,1767.041723149524,47,0,53
450000,1743.365085269101,MiniMax2,1731.3623956932424,51,0,49
450000,1743.365085269101,Tactical,1548.0744706046946,56,0,44
450000,1743.365085269101,MiniMax4,1746.4179843603379,48,0,52
450000,1743.365085269101,PPO_250000,1408.5533071259144,100,0,0
460000,1720.0740443515747,PPO_450000,1720.0740443515747,50,0,50
460000,1720.0740443515747,Tactical,1625.456489232266,71,0,29
460000,1720.0740443515747,MiniMax2,1737.7076227130287,58,0,42
460000,1720.0740443515747,MiniMax4,1755.5920088667729,49,0,51
470000,1776.940473199069,MiniMax4,1745.8622577617746,48,0,52
470000,1776.940473199069,PPO_450000,1721.9003155217545,48,0,52
470000,1776.940473199069,MiniMax2,1706.7431189709891,78,0,22
470000,1776.940473199069,Tactical,1607.4580440616298,66,0,34
480000,1748.9353742475366,MiniMax2,1648.1751313421166,88,0,12
480000,1748.9353742475366,Tactical,1635.8990961790817,56,0,44
480000,1748.9353742475366,PPO_450000,1753.8562871269794,95,0,5
480000,1748.9353742475366,MiniMax4,1772.0383206195027,50,0,50
490000,1972.931764609225,MiniMax4,1763.4384273354146,44,0,56
490000,1972.931764609225,Tactical,1668.834042507702,53,0,47
490000,1972.931764609225,PPO_450000,1593.2816966221337,99,0,1
490000,1972.931764609225,MiniMax2,1560.4182784407417,87,0,13
500000,1754.6328469094997,MiniMax2,1586.104231645962,91,0,9
500000,1754.6328469094997,PPO_450000,1539.3407274542724,98,0,2
500000,1754.6328469094997,Tactical,1800.334650573519,54,0,46
500000,1754.6328469094997,MiniMax4,1878.491752931964,48,0,52
510000,2005.234292297637,PPO_500000,2005.234292297637,89,0,11
510000,2005.234292297637,MiniMax4,1834.0129786432242,50,0,50
510000,2005.234292297637,Tactical,1767.8228102307223,42,1,57
510000,2005.234292297637,MiniMax2,1506.5142002897805,87,0,13
520000,1882.7800276699593,PPO_500000,1876.8353411770408,96,0,4
520000,1882.7800276699593,MiniMax2,1549.441042945964,95,0,5
520000,1882.7800276699593,Tactical,1897.0232719489504,52,0,48
520000,1882.7800276699593,MiniMax4,1912.7388900170865,47,0,53
530000,2081.3448823204653,Tactical,1908.247034433194,54,0,46
530000,2081.3448823204653,MiniMax4,1906.148560597366,48,0,52
530000,2081.3448823204653,PPO_500000,1711.1235958128575,94,0,6
530000,2081.3448823204653,MiniMax2,1511.9545005951184,95,0,5
540000,1935.79388779928,PPO_500000,1686.4428642227178,95,0,5
540000,1935.79388779928,MiniMax2,1520.123986948406,98,0,2
540000,1935.79388779928,Tactical,1981.8220863815814,62,0,38
540000,1935.79388779928,MiniMax4,1994.635748407016,47,0,53
550000,2118.704502919737,MiniMax4,1980.2365605953464,50,0,50
550000,2118.704502919737,Tactical,1924.0554230688183,64,0,36
550000,2118.704502919737,PPO_500000,1612.8072473509783,99,0,1
550000,2118.704502919737,MiniMax2,1483.014839824121,97,0,3
560000,2041.8774482847648,PPO_550000,2041.8774482847648,86,0,14
560000,2041.8774482847648,Tactical,1961.6268349893282,55,0,45
560000,2041.8774482847648,MiniMax4,2044.3545504210056,48,0,52
560000,2041.8774482847648,PPO_500000,1584.310017489002,100,0,0
570000,2191.081793592408,MiniMax4,2048.1900506532997,49,0,51
570000,2191.081793592408,Tactical,1972.5582645711506,55,0,45
570000,2191.081793592408,PPO_550000,1920.225561579352,98,0,2
570000,2191.081793592408,PPO_500000,1541.9906290726549,100,0,0
580000,2131.39222756732,MiniMax4,2116.239329173023,47,0,53
580000,2131.39222756732,Tactical,2058.0697820534024,48,0,52
580000,2131.39222756732,PPO_550000,1843.278309171757,97,0,3
580000,2131.39222756732,PPO_500000,1525.0666515033627,99,0,1
590000,2150.470485738653,MiniMax4,2136.7805103727605,50,0,50
590000,2150.470485738653,Tactical,2099.0624035487526,56,0,44
590000,2150.470485738653,PPO_550000,1776.0025473566775,100,0,0
590000,2150.470485738653,PPO_500000,1511.7303524520212,100,0,0
600000,2202.9305394304683,MiniMax4,2144.7848659045644,49,0,51
600000,2202.9305394304683,Tactical,2116.235902532488,63,1,36
600000,2202.9305394304683,PPO_550000,1716.2094963827449,93,1,6
600000,2202.9305394304683,PPO_500000,1493.8854952185993,100,0,0
610000,2182.1493670666064,PPO_600000,2182.1493670666064,77,0,23
610000,2182.1493670666064,MiniMax4,2179.02854167324,47,0,53
610000,2182.1493670666064,Tactical,2111.749437746476,37,1,62
610000,2182.1493670666064,PPO_550000,1719.6128148777107,98,0,2
620000,2209.1352181481197,Tactical,2198.792630083496,56,0,44
620000,2209.1352181481197,MiniMax4,2192.2791252380384,48,0,52
620000,2209.1352181481197,PPO_600000,2084.5412000926835,86,0,14
620000,2209.1352181481197,PPO_550000,1689.9413548683015,99,0,1
630000,2295.8182062127444,MiniMax4,2208.225235578113,46,0,54
630000,2295.8182062127444,Tactical,2192.4911084271666,61,1,38
630000,2295.8182062127444,PPO_600000,2013.5887220142663,91,0,9
630000,2295.8182062127444,PPO_550000,1664.566256198349,98,0,2
640000,2278.652535523682,MiniMax4,2263.7549354069065,47,0,53
640000,2278.652535523682,Tactical,2202.2017707219507,58,0,42
640000,2278.652535523682,PPO_600000,1970.2645741213446,87,0,13
640000,2278.652535523682,PPO_550000,1659.8157126567553,100,0,0
650000,2276.5896169604944,Tactical,2209.510613234327,57,0,43
650000,2276.5896169604944,PPO_600000,1964.1636577511185,83,0,17
650000,2276.5896169604944,MiniMax4,2284.3503041439203,46,0,54
650000,2276.5896169604944,PPO_550000,1640.075336340779,99,0,1
660000,2253.7436592688473,PPO_650000,2253.7436592688473,51,0,49
660000,2253.7436592688473,Tactical,2225.4377797250177,67,1,32
660000,2253.7436592688473,MiniMax4,2297.0726816219944,50,0,50
660000,2253.7436592688473,PPO_600000,1969.2365321104617,88,0,12
670000,2334.06134325603,MiniMax4,2279.3482279250925,50,0,50
670000,2334.06134325603,PPO_650000,2254.586015869953,89,0,11
670000,2334.06134325603,Tactical,2185.365033481841,68,0,32
670000,2334.06134325603,PPO_600000,1945.8736914622523,88,0,12
680000,2380.477762524529,MiniMax4,2305.8532851494206,48,0,52
680000,2380.477762524529,Tactical,2204.983652532286,75,0,25
680000,2380.477762524529,PPO_650000,2151.5925068231772,88,0,12
680000,2380.477762524529,PPO_600000,1956.327104965755,96,0,4
690000,2397.3355371125667,MiniMax4,2351.8324253674964,48,0,52
690000,2397.3355371125667,Tactical,2202.6351538764716,71,0,29
690000,2397.3355371125667,PPO_650000,2112.689995498016,92,0,8
690000,2397.3355371125667,PPO_600000,1934.7412001406178,93,0,7
700000,2397.5197348535817,MiniMax4,2383.6613356568855,49,0,51
700000,2397.5197348535817,Tactical,2206.206482913019,71,0,29
700000,2397.5197348535817,PPO_650000,2073.8866167357824,92,0,8
700000,2397.5197348535817,PPO_600000,1937.9601418358998,95,0,5
710000,2418.510320705035,PPO_700000,2418.510320705035,56,0,44
710000,2418.510320705035,MiniMax4,2394.1808574356514,49,0,51
710000,2418.510320705035,Tactical,2213.1797167920768,69,0,31
710000,2418.510320705035,PPO_650000,2048.4165333272185,88,0,12
720000,2368.0719728370445,Tactical,2256.79851730515,74,0,26
720000,2368.0719728370445,PPO_650000,2060.5871016448546,95,0,5
720000,2368.0719728370445,PPO_700000,2399.083331909728,53,0,47
720000,2368.0719728370445,MiniMax4,2408.25682526824,49,0,51
730000,2480.518668720666,MiniMax4,2395.0325348268047,50,0,50
730000,2480.518668720666,PPO_700000,2375.8724461092643,58,0,42
730000,2480.518668720666,Tactical,2226.9760143402086,78,0,22
730000,2480.518668720666,PPO_650000,2014.3980849680734,89,0,11
740000,2387.7862138125797,Tactical,2229.887870535878,74,0,26
740000,2387.7862138125797,PPO_650000,2039.6771555263954,94,0,6
740000,2387.7862138125797,PPO_700000,2400.056193798349,57,0,43
740000,2387.7862138125797,MiniMax4,2435.390315291815,49,0,51
750000,2456.421964344547,MiniMax4,2419.813002861133,47,0,53
750000,2456.421964344547,PPO_700000,2371.462181332985,57,0,43
750000,2456.421964344547,Tactical,2230.8210586427363,81,0,19
750000,2456.421964344547,PPO_650000,2014.2795417836155,89,0,11
760000,2390.488568880401,PPO_750000,2390.488568880401,50,0,50
760000,2390.488568880401,PPO_700000,2384.882044429563,56,0,44
760000,2390.488568880401,MiniMax4,2455.5849281622513,48,0,52
760000,2390.488568880401,Tactical,2220.3185434239786,77,1,22
770000,2439.1377582485406,MiniMax4,2435.91420772702,50,0,50
770000,2439.1377582485406,PPO_750000,2392.314840050581,50,0,50
770000,2439.1377582485406,PPO_700000,2370.04350199105,51,0,49
770000,2439.1377582485406,Tactical,2204.3523457594033,79,0,21
780000,2370.956384527818,Tactical,2214.577675446114,75,0,25
780000,2370.956384527818,PPO_650000,2041.523664068823,91,0,9
780000,2370.956384527818,PPO_700000,2401.7694514690156,57,0,43
780000,2370.956384527818,PPO_750000,2415.2638555627873,50,0,50
790000,2462.61246206957,MiniMax4,2439.19528677086,50,0,50
790000,2462.61246206957,PPO_750000,2397.0981372707665,50,0,50
790000,2462.61246206957,PPO_700000,2363.204550889372,57,0,43
790000,2462.61246206957,Tactical,2197.4626454681065,82,0,18
800000,2401.2284580495366,PPO_700000,2381.033273701345,66,0,34
800000,2401.2284580495366,Tactical,2197.2540329035387,62,0,38
800000,2401.2284580495366,PPO_750000,2428.468702812434,62,0,38
800000,2401.2284580495366,MiniMax4,2451.588615001821,48,0,52
810000,2447.682490504969,PPO_800000,2447.682490504969,78,0,22
810000,2447.682490504969,MiniMax4,2439.8476107707756,46,1,53
810000,2447.682490504969,PPO_750000,2385.8946507860705,94,0,6
810000,2447.682490504969,PPO_700000,2334.9182647667626,79,0,21
820000,2709.9502900428515,MiniMax4,2450.918545892985,46,0,54
820000,2709.9502900428515,PPO_800000,2343.3578032601868,70,0,30
820000,2709.9502900428515,PPO_700000,2299.550441256419,82,0,18
820000,2709.9502900428515,PPO_750000,2252.248426881104,95,0,5
830000,2448.9923632533028,PPO_800000,2437.808155009087,71,0,29
830000,2448.9923632533028,PPO_700000,2349.424688501363,85,0,15
830000,2448.9923632533028,MiniMax4,2579.207663939495,47,0,53
830000,2448.9923632533028,Tactical,2251.2300656400976,53,0,47
840000,2548.6681553018684,MiniMax4,2531.1944720744923,48,0,52
840000,2548.6681553018684,PPO_800000,2370.740747435447,81,0,19
840000,2548.6681553018684,Tactical,2329.3993494053448,57,0,43
840000,2548.6681553018684,PPO_700000,2286.660212126193,88,0,12
850000,2516.514240012572,Tactical,2407.045288776685,55,0,45
850000,2516.514240012572,PPO_800000,2344.03150844434,100,0,0
850000,2516.514240012572,MiniMax4,2547.122772827027,47,0,53
850000,2516.514240012572,PPO_700000,2251.9491262827214,100,0,0
860000,2697.78595580269,PPO_850000,2697.78595580269,53,0,47
860000,2697.78595580269,MiniMax4,2541.529947907874,47,0,53
860000,2697.78595580269,Tactical,2439.3742296875826,60,0,40
860000,2697.78595580269,PPO_750000,2240.592636630299,100,0,0
870000,2591.344172155583,Tactical,2524.8906650630156,58,0,42
870000,2591.344172155583,PPO_800000,2225.255089011969,99,0,1
870000,2591.344172155583,MiniMax4,2619.3945135902927,46,0,54
870000,2591.344172155583,PPO_850000,2683.2353832283075,51,0,49
880000,2691.3447811872343,PPO_850000,2635.9252067213415,51,0,49
880000,2691.3447811872343,MiniMax4,2620.8990598682453,46,0,54
880000,2691.3447811872343,Tactical,2526.8088167670403,63,0,37
880000,2691.3447811872343,PPO_750000,2198.2039917939364,100,0,0
890000,2623.0193777995332,Tactical,2567.896180209969,60,0,40
890000,2623.0193777995332,PPO_800000,2169.1419585053063,95,0,5
890000,2623.0193777995332,PPO_850000,2654.4852956084083,85,0,15
890000,2623.0193777995332,MiniMax4,2665.6906752227355,45,0,55
900000,2751.7519089069356,MiniMax4,2675.91280170269,50,0,50
900000,2751.7519089069356,Tactical,2570.9691717633737,60,0,40
900000,2751.7519089069356,PPO_850000,2521.8365271955086,90,0,10
900000,2751.7519089069356,PPO_700000,2162.71771393323,100,0,0
910000,2741.341263269621,PPO_900000,2741.341263269621,95,0,5
910000,2741.341263269621,MiniMax4,2711.931119650946,48,0,52
910000,2741.341263269621,Tactical,2619.6378434695175,46,0,54
910000,2741.341263269621,PPO_850000,2470.465674487074,99,0,1
920000,2900.253812137451,MiniMax4,2733.9378933863472,50,0,50
920000,2900.253812137451,Tactical,2679.4711239284406,52,0,48
920000,2900.253812137451,PPO_900000,2582.8652071613697,96,0,4
920000,2900.253812137451,PPO_850000,2388.189127533171,100,0,0
930000,2805.8828628570395,Tactical,2780.019863091971,54,0,46
930000,2805.8828628570395,PPO_900000,2533.2569188816365,96,0,4
930000,2805.8828628570395,MiniMax4,2810.4807542293074,50,0,50
930000,2805.8828628570395,PPO_850000,2355.076765086825,96,0,4
940000,2902.846308418769,MiniMax4,2810.231943124972,50,0,50
940000,2902.846308418769,Tactical,2771.355026838987,66,0,34
940000,2902.846308418769,PPO_900000,2465.7756244079646,98,0,2
940000,2902.846308418769,PPO_850000,2334.5082613560867,99,0,1
950000,2892.463095609951,MiniMax4,2853.7939600383224,49,0,51
950000,2892.463095609951,Tactical,2788.0133028347004,63,0,37
950000,2892.463095609951,PPO_900000,2434.8018793729652,95,0,5
950000,2892.463095609951,PPO_850000,2315.6449262908404,98,0,2
960000,2885.2805705406377,PPO_950000,2885.2805705406377,83,0,17
960000,2885.2805705406377,MiniMax4,2874.5988063098753,50,0,50
960000,2885.2805705406377,Tactical,2796.2711125471715,66,0,34
960000,2885.2805705406377,PPO_900000,2422.540900056758,99,0,1
970000,3034.9412389807517,MiniMax4,2881.2456807499398,49,0,51
970000,3034.9412389807517,Tactical,2791.0821319138513,67,0,33
970000,3034.9412389807517,PPO_950000,2769.8775925610053,74,0,26
970000,3034.9412389807517,PPO_900000,2386.825315789532,99,0,1
980000,2883.7510313424395,Tactical,2854.2520221298955,62,0,38
980000,2883.7510313424395,PPO_950000,2793.2430972918196,85,0,15
980000,2883.7510313424395,MiniMax4,2956.242878578362,43,0,57
980000,2883.7510313424395,PPO_900000,2376.4829306525635,87,0,13
990000,2943.756697330494,Tactical,2836.8060021376014,64,0,36
990000,2943.756697330494,PPO_950000,2713.5341582398446,93,0,7
990000,2943.756697330494,MiniMax4,2945.822589734725,48,0,52
990000,2943.756697330494,PPO_900000,2424.052512552415,81,0,19
1000000,2911.2086340660317,Tactical,2840.5035636208922,62,0,38
1000000,2911.2086340660317,PPO_950000,2645.7432072025854,100,0,0
1000000,2911.2086340660317,MiniMax4,2952.0625966880084,48,0,52
1000000,2911.2086340660317,PPO_900000,2514.4539584175623,99,0,1
